first_name,last_name,company_name,address,city,county,state,zip,email,company_url
James,Butt,"benton, john b jr",6649 N Blue Gum St,New Orleans,Orleans,LA,70116,jbutt@gmail.com,bentonjohnbjr.com
Josephine,Darakjy,"benton, john b jr",4 B Blue Ridge Blvd,Brighton,Livingston,MI,48116,josephine_darakjy@darakjy.org,bentonjohnbjr.com
Art,Venere,"benton, john b jr",8 W Cerritos Ave #54,Bridgeport,Gloucester,NJ,8014,art@venere.org,bentonjohnbjr.com
Lenna,Paprocki,"benton, john b jr",639 Main St,Anchorage,Anchorage,AK,99501,lpaprocki@hotmail.com,bentonjohnbjr.com
Donette,Foller,"benton, john b jr",34 Center St,Hamilton,Butler,OH,45011,donette.foller@cox.net,bentonjohnbjr.com
Simona,Morasca,"chanay, jeffrey a",3 Mcauley Dr,Ashland,Ashland,OH,44805,simona@morasca.com,chanayjeffreya.com
Mitsue,Tollner,"chanay, jeffrey a",7 Eads St,Chicago,Cook,IL,60632,mitsue_tollner@yahoo.com,chanayjeffreya.com
Leota,Dilliard,"chanay, jeffrey a",7 W Jackson Blvd,San Jose,Santa Clara,CA,95111,leota@hotmail.com,chanayjeffreya.com
Sage,Wieser,"chanay, jeffrey a",5 Boston Ave #88,Sioux Falls,Minnehaha,SD,57105,sage_wieser@cox.net,chanayjeffreya.com
Kris,Marrier,"chanay, jeffrey a",228 Runamuck Pl #2808,Baltimore,Baltimore City,MD,21224,kris@gmail.com,chanayjeffreya.com
Minna,Amigon,"chemel, james l",2371 Jerrold Ave,Kulpsville,Montgomery,PA,19443,minna_amigon@yahoo.com,chemeljamesl.com
Abel,Maclead,"chemel, james l",37275 St  Rt 17m M,Middle Island,Suffolk,NY,11953,amaclead@gmail.com,chemeljamesl.com
Kiley,Caldarera,"chemel, james l",25 E 75th St #69,Los Angeles,Los Angeles,CA,90034,kiley.caldarera@aol.com,chemeljamesl.com
Graciela,Ruta,"chemel, james l",98 Connecticut Ave Nw,Chagrin Falls,Geauga,OH,44023,gruta@cox.net,chemeljamesl.com
Cammy,Albares,"chemel, james l",56 E Morehead St,Laredo,Webb,TX,78045,calbares@gmail.com,chemeljamesl.com
Mattie,Poquette,feltz printing service,73 State Road 434 E,Phoenix,Maricopa,AZ,85013,mattie@aol.com,feltzprintingservice.com
Meaghan,Garufi,feltz printing service,69734 E Carrillo St,Mc Minnville,Warren,TN,37110,meaghan@hotmail.com,feltzprintingservice.com
Gladys,Rim,feltz printing service,322 New Horizon Blvd,Milwaukee,Milwaukee,WI,53207,gladys.rim@rim.org,feltzprintingservice.com
Yuki,Whobrey,feltz printing service,1 State Route 27,Taylor,Wayne,MI,48180,yuki_whobrey@aol.com,feltzprintingservice.com
Fletcher,Flosi,feltz printing service,394 Manchester Blvd,Rockford,Winnebago,IL,61109,fletcher.flosi@yahoo.com,feltzprintingservice.com
Bette,Nicka,printing dimensions,6 S 33rd St,Aston,Delaware,PA,19014,bette_nicka@cox.net,printingdimensions.com
Veronika,Inouye,printing dimensions,6 Greenleaf Ave,San Jose,Santa Clara,CA,95111,vinouye@aol.com,printingdimensions.com
Willard,Kolmetz,printing dimensions,618 W Yakima Ave,Irving,Dallas,TX,75062,willard@hotmail.com,printingdimensions.com
Maryann,Royster,printing dimensions,74 S Westgate St,Albany,Albany,NY,12204,mroyster@royster.com,printingdimensions.com
Alisha,Slusarski,printing dimensions,3273 State St,Middlesex,Middlesex,NJ,8846,alisha@slusarski.com,printingdimensions.com
Allene,Iturbide,"chapman, ross e",1 Central Ave,Stevens Point,Portage,WI,54481,allene_iturbide@cox.net,chapmanrosse.com
Chanel,Caudy,"chapman, ross e",86 Nw 66th St #8673,Shawnee,Johnson,KS,66218,chanel.caudy@caudy.org,chapmanrosse.com
Ezekiel,Chui,"chapman, ross e",2 Cedar Ave #84,Easton,Talbot,MD,21601,ezekiel@chui.com,chapmanrosse.com
Willow,Kusko,"chapman, ross e",90991 Thorburn Ave,New York,New York,NY,10011,wkusko@yahoo.com,chapmanrosse.com
Bernardo,Figeroa,"chapman, ross e",386 9th Ave N,Conroe,Montgomery,TX,77301,bfigeroa@aol.com,chapmanrosse.com
Ammie,Corrio,morlong associates,74874 Atlantic Ave,Columbus,Franklin,OH,43215,ammie@corrio.com,morlongassociates.com
Francine,Vocelka,morlong associates,366 South Dr,Las Cruces,Dona Ana,NM,88011,francine_vocelka@vocelka.com,morlongassociates.com
Ernie,Stenseth,morlong associates,45 E Liberty St,Ridgefield Park,Bergen,NJ,7660,ernie_stenseth@aol.com,morlongassociates.com
Albina,Glick,morlong associates,4 Ralph Ct,Dunellen,Middlesex,NJ,8812,albina@glick.com,morlongassociates.com
Alishia,Sergi,morlong associates,2742 Distribution Way,New York,New York,NY,10025,asergi@gmail.com,morlongassociates.com
Solange,Shinko,commercial press,426 Wolf St,Metairie,Jefferson,LA,70002,solange@shinko.com,commercialpress.com
Jose,Stockham,commercial press,128 Bransten Rd,New York,New York,NY,10011,jose@yahoo.com,commercialpress.com
Rozella,Ostrosky,commercial press,17 Morena Blvd,Camarillo,Ventura,CA,93012,rozella.ostrosky@ostrosky.com,commercialpress.com
Valentine,Gillian,commercial press,775 W 17th St,San Antonio,Bexar,TX,78204,valentine_gillian@gmail.com,commercialpress.com
Kati,Rulapaugh,commercial press,6980 Dorsett Rd,Abilene,Dickinson,KS,67410,kati.rulapaugh@hotmail.com,commercialpress.com
Youlanda,Schemmer,truhlar and truhlar attys,2881 Lewis Rd,Prineville,Crook,OR,97754,youlanda@aol.com,truhlarandtruhlarattys.com
Dyan,Oldroyd,truhlar and truhlar attys,7219 Woodfield Rd,Overland Park,Johnson,KS,66204,doldroyd@aol.com,truhlarandtruhlarattys.com
Roxane,Campain,truhlar and truhlar attys,1048 Main St,Fairbanks,Fairbanks North Star,AK,99708,roxane@hotmail.com,truhlarandtruhlarattys.com
Lavera,Perin,truhlar and truhlar attys,678 3rd Ave,Miami,Miami-Dade,FL,33196,lperin@perin.org,truhlarandtruhlarattys.com
Erick,Ferencz,truhlar and truhlar attys,20 S Babcock St,Fairbanks,Fairbanks North Star,AK,99712,erick.ferencz@aol.com,truhlarandtruhlarattys.com
Fatima,Saylors,"king, christopher a",2 Lighthouse Ave,Hopkins,Hennepin,MN,55343,fsaylors@saylors.org,kingchristophera.com
Jina,Briddick,"king, christopher a",38938 Park Blvd,Boston,Suffolk,MA,2128,jina_briddick@briddick.com,kingchristophera.com
Kanisha,Waycott,"king, christopher a",5 Tomahawk Dr,Los Angeles,Los Angeles,CA,90006,kanisha_waycott@yahoo.com,kingchristophera.com
Emerson,Bowley,"king, christopher a",762 S Main St,Madison,Dane,WI,53711,emerson.bowley@bowley.org,kingchristophera.com
Blair,Malet,"king, christopher a",209 Decker Dr,Philadelphia,Philadelphia,PA,19132,bmalet@yahoo.com,kingchristophera.com
Brock,Bolognia,"dorl, james j",4486 W O St #1,New York,New York,NY,10003,bbolognia@yahoo.com,dorljamesj.com
Lorrie,Nestle,"dorl, james j",39 S 7th St,Tullahoma,Coffee,TN,37388,lnestle@hotmail.com,dorljamesj.com
Sabra,Uyetake,"dorl, james j",98839 Hawthorne Blvd #6101,Columbia,Richland,SC,29201,sabra@uyetake.org,dorljamesj.com
Marjory,Mastella,"dorl, james j",71 San Mateo Ave,Wayne,Delaware,PA,19087,mmastella@mastella.com,dorljamesj.com
Karl,Klonowski,"dorl, james j",76 Brooks St #9,Flemington,Hunterdon,NJ,8822,karl_klonowski@yahoo.com,dorljamesj.com
Tonette,Wenner,rangoni of florence,4545 Courthouse Rd,Westbury,Nassau,NY,11590,twenner@aol.com,rangoniofflorence.com
Amber,Monarrez,rangoni of florence,14288 Foster Ave #4121,Jenkintown,Montgomery,PA,19046,amber_monarrez@monarrez.org,rangoniofflorence.com
Shenika,Seewald,rangoni of florence,4 Otis St,Van Nuys,Los Angeles,CA,91405,shenika@gmail.com,rangoniofflorence.com
Delmy,Ahle,rangoni of florence,65895 S 16th St,Providence,Providence,RI,2909,delmy.ahle@hotmail.com,rangoniofflorence.com
Deeanna,Juhas,rangoni of florence,14302 Pennsylvania Ave,Huntingdon Valley,Montgomery,PA,19006,deeanna_juhas@gmail.com,rangoniofflorence.com
Blondell,Pugh,feiner bros,201 Hawk Ct,Providence,Providence,RI,2904,bpugh@aol.com,feinerbros.com
Jamal,Vanausdal,feiner bros,53075 Sw 152nd Ter #615,Monroe Township,Middlesex,NJ,8831,jamal@vanausdal.org,feinerbros.com
Cecily,Hollack,feiner bros,59 N Groesbeck Hwy,Austin,Travis,TX,78731,cecily@hollack.org,feinerbros.com
Carmelina,Lindall,feiner bros,2664 Lewis Rd,Littleton,Douglas,CO,80126,carmelina_lindall@lindall.com,feinerbros.com
Maurine,Yglesias,feiner bros,59 Shady Ln #53,Milwaukee,Milwaukee,WI,53214,maurine_yglesias@yglesias.com,feinerbros.com
Tawna,Buvens,buckley miller & wright,3305 Nabell Ave #679,New York,New York,NY,10009,tawna@gmail.com,buckleymillerwright.com
Penney,Weight,buckley miller & wright,18 Fountain St,Anchorage,Anchorage,AK,99515,penney_weight@aol.com,buckleymillerwright.com
Elly,Morocco,buckley miller & wright,7 W 32nd St,Erie,Erie,PA,16502,elly_morocco@gmail.com,buckleymillerwright.com
Ilene,Eroman,buckley miller & wright,2853 S Central Expy,Glen Burnie,Anne Arundel,MD,21061,ilene.eroman@hotmail.com,buckleymillerwright.com
Vallie,Mondella,buckley miller & wright,74 W College St,Boise,Ada,ID,83707,vmondella@mondella.com,buckleymillerwright.com
Kallie,Blackwood,"rousseaux, michael",701 S Harrison Rd,San Francisco,San Francisco,CA,94104,kallie.blackwood@gmail.com,rousseauxmichael.com
Johnetta,Abdallah,"rousseaux, michael",1088 Pinehurst St,Chapel Hill,Orange,NC,27514,johnetta_abdallah@aol.com,rousseauxmichael.com
Bobbye,Rhym,"rousseaux, michael",30 W 80th St #1995,San Carlos,San Mateo,CA,94070,brhym@rhym.com,rousseauxmichael.com
Micaela,Rhymes,"rousseaux, michael",20932 Hedley St,Concord,Contra Costa,CA,94520,micaela_rhymes@gmail.com,rousseauxmichael.com
Tamar,Hoogland,"rousseaux, michael",2737 Pistorio Rd #9230,London,Madison,OH,43140,tamar@hotmail.com,rousseauxmichael.com
Moon,Parlato,century communications,74989 Brandon St,Wellsville,Allegany,NY,14895,moon@yahoo.com,centurycommunications.com
Laurel,Reitler,century communications,6 Kains Ave,Baltimore,Baltimore City,MD,21215,laurel_reitler@reitler.com,centurycommunications.com
Delisa,Crupi,century communications,47565 W Grand Ave,Newark,Essex,NJ,7105,delisa.crupi@crupi.com,centurycommunications.com
Viva,Toelkes,century communications,4284 Dorigo Ln,Chicago,Cook,IL,60647,viva.toelkes@gmail.com,centurycommunications.com
Elza,Lipke,century communications,6794 Lake Dr E,Newark,Essex,NJ,7104,elza@yahoo.com,centurycommunications.com
Devorah,Chickering,"bolton, wilbur",31 Douglas Blvd #950,Clovis,Curry,NM,88101,devorah@hotmail.com,boltonwilbur.com
Timothy,Mulqueen,"bolton, wilbur",44 W 4th St,Staten Island,Richmond,NY,10309,timothy_mulqueen@mulqueen.org,boltonwilbur.com
Arlette,Honeywell,"bolton, wilbur",11279 Loytan St,Jacksonville,Duval,FL,32254,ahoneywell@honeywell.com,boltonwilbur.com
Dominque,Dickerson,"bolton, wilbur",69 Marquette Ave,Hayward,Alameda,CA,94545,dominque.dickerson@dickerson.org,boltonwilbur.com
Lettie,Isenhower,"bolton, wilbur",70 W Main St,Beachwood,Cuyahoga,OH,44122,lettie_isenhower@yahoo.com,boltonwilbur.com
Myra,Munns,t m byxbee company pc,461 Prospect Pl #316,Euless,Tarrant,TX,76040,mmunns@cox.net,tmbyxbeecompanypc.com
Stephaine,Barfield,t m byxbee company pc,47154 Whipple Ave Nw,Gardena,Los Angeles,CA,90247,stephaine@barfield.com,tmbyxbeecompanypc.com
Lai,Gato,t m byxbee company pc,37 Alabama Ave,Evanston,Cook,IL,60201,lai.gato@gato.org,tmbyxbeecompanypc.com
Stephen,Emigh,t m byxbee company pc,3777 E Richmond St #900,Akron,Summit,OH,44302,stephen_emigh@hotmail.com,tmbyxbeecompanypc.com
Tyra,Shields,t m byxbee company pc,3 Fort Worth Ave,Philadelphia,Philadelphia,PA,19106,tshields@gmail.com,tmbyxbeecompanypc.com
Tammara,Wardrip,farmers insurance group,4800 Black Horse Pike,Burlingame,San Mateo,CA,94010,twardrip@cox.net,farmersinsurancegroup.com
Cory,Gibes,farmers insurance group,83649 W Belmont Ave,San Gabriel,Los Angeles,CA,91776,cory.gibes@gmail.com,farmersinsurancegroup.com
Danica,Bruschke,farmers insurance group,840 15th Ave,Waco,McLennan,TX,76708,danica_bruschke@gmail.com,farmersinsurancegroup.com
Wilda,Giguere,farmers insurance group,1747 Calle Amanecer #2,Anchorage,Anchorage,AK,99501,wilda@cox.net,farmersinsurancegroup.com
Elvera,Benimadho,farmers insurance group,99385 Charity St #840,San Jose,Santa Clara,CA,95110,elvera.benimadho@cox.net,farmersinsurancegroup.com
Carma,Vanheusen,post box services plus,68556 Central Hwy,San Leandro,Alameda,CA,94577,carma@cox.net,postboxservicesplus.com
Malinda,Hochard,post box services plus,55 Riverside Ave,Indianapolis,Marion,IN,46202,malinda.hochard@yahoo.com,postboxservicesplus.com
Natalie,Fern,post box services plus,7140 University Ave,Rock Springs,Sweetwater,WY,82901,natalie.fern@hotmail.com,postboxservicesplus.com
Lisha,Centini,post box services plus,64 5th Ave #1153,Mc Lean,Fairfax,VA,22102,lisha@centini.org,postboxservicesplus.com
Arlene,Klusman,post box services plus,3 Secor Rd,New Orleans,Orleans,LA,70112,arlene_klusman@gmail.com,postboxservicesplus.com
Alease,Buemi,sport en art,4 Webbs Chapel Rd,Boulder,Boulder,CO,80303,alease@buemi.com,sportenart.com
Louisa,Cronauer,sport en art,524 Louisiana Ave Nw,San Leandro,Alameda,CA,94577,louisa@cronauer.com,sportenart.com
Angella,Cetta,sport en art,185 Blackstone Bldge,Honolulu,Honolulu,HI,96817,angella.cetta@hotmail.com,sportenart.com
Cyndy,Goldammer,sport en art,170 Wyoming Ave,Burnsville,Dakota,MN,55337,cgoldammer@cox.net,sportenart.com
Rosio,Cork,sport en art,4 10th St W,High Point,Guilford,NC,27263,rosio.cork@gmail.com,sportenart.com
Celeste,Korando,c 4 network,7 W Pinhook Rd,Lynbrook,Nassau,NY,11563,ckorando@hotmail.com,c4network.com
Twana,Felger,c 4 network,1 Commerce Way,Portland,Washington,OR,97224,twana.felger@felger.org,c4network.com
Estrella,Samu,c 4 network,64 Lakeview Ave,Beloit,Rock,WI,53511,estrella@aol.com,c4network.com
Donte,Kines,c 4 network,3 Aspen St,Worcester,Worcester,MA,1602,dkines@hotmail.com,c4network.com
Tiffiny,Steffensmeier,c 4 network,32860 Sierra Rd,Miami,Miami-Dade,FL,33133,tiffiny_steffensmeier@cox.net,c4network.com
Edna,Miceli,"ingalls, donald r",555 Main St,Erie,Erie,PA,16502,emiceli@miceli.org,ingallsdonaldr.com
Sue,Kownacki,"ingalls, donald r",2 Se 3rd Ave,Mesquite,Dallas,TX,75149,sue@aol.com,ingallsdonaldr.com
Jesusa,Shin,"ingalls, donald r",2239 Shawnee Mission Pky,Tullahoma,Coffee,TN,37388,jshin@shin.com,ingallsdonaldr.com
Rolland,Francescon,"ingalls, donald r",2726 Charcot Ave,Paterson,Passaic,NJ,7501,rolland@cox.net,ingallsdonaldr.com
Pamella,Schmierer,"ingalls, donald r",5161 Dorsett Rd,Homestead,Miami-Dade,FL,33030,pamella.schmierer@schmierer.org,ingallsdonaldr.com
Glory,Kulzer,"franklin, peter l",55892 Jacksonville Rd,Owings Mills,Baltimore,MD,21117,gkulzer@kulzer.org,franklinpeterl.com
Shawna,Palaspas,"franklin, peter l",5 N Cleveland Massillon Rd,Thousand Oaks,Ventura,CA,91362,shawna_palaspas@palaspas.org,franklinpeterl.com
Brandon,Callaro,"franklin, peter l",7 Benton Dr,Honolulu,Honolulu,HI,96819,brandon_callaro@hotmail.com,franklinpeterl.com
Scarlet,Cartan,"franklin, peter l",9390 S Howell Ave,Albany,Dougherty,GA,31701,scarlet.cartan@yahoo.com,franklinpeterl.com
Oretha,Menter,"franklin, peter l",8 County Center Dr #647,Boston,Suffolk,MA,2210,oretha_menter@yahoo.com,franklinpeterl.com
Ty,Smith,wtlz power 107 fm,4646 Kaahumanu St,Hackensack,Bergen,NJ,7601,tsmith@aol.com,wtlzpower107fm.com
Xuan,Rochin,wtlz power 107 fm,2 Monroe St,San Mateo,San Mateo,CA,94403,xuan@gmail.com,wtlzpower107fm.com
Lindsey,Dilello,wtlz power 107 fm,52777 Leaders Heights Rd,Ontario,San Bernardino,CA,91761,lindsey.dilello@hotmail.com,wtlzpower107fm.com
Devora,Perez,wtlz power 107 fm,72868 Blackington Ave,Oakland,Alameda,CA,94606,devora_perez@perez.org,wtlzpower107fm.com
Herman,Demesa,wtlz power 107 fm,9 Norristown Rd,Troy,Rensselaer,NY,12180,hdemesa@cox.net,wtlzpower107fm.com
Rory,Papasergi,"ledecky, david",83 County Road 437 #8581,Clarks Summit,Lackawanna,PA,18411,rpapasergi@cox.net,ledeckydavid.com
Talia,Riopelle,"ledecky, david",1 N Harlem Ave #9,Orange,Essex,NJ,7050,talia_riopelle@aol.com,ledeckydavid.com
Van,Shire,"ledecky, david",90131 J St,Pittstown,Hunterdon,NJ,8867,van.shire@shire.com,ledeckydavid.com
Lucina,Lary,"ledecky, david",8597 W National Ave,Cocoa,Brevard,FL,32922,lucina_lary@cox.net,ledeckydavid.com
Bok,Isaacs,"ledecky, david",6 Gilson St,Bronx,Bronx,NY,10468,bok.isaacs@aol.com,ledeckydavid.com
Rolande,Spickerman,professional image,65 W Maple Ave,Pearl City,Honolulu,HI,96782,rolande.spickerman@spickerman.com,professionalimage.com
Howard,Paulas,professional image,866 34th Ave,Denver,Denver,CO,80231,hpaulas@gmail.com,professionalimage.com
Kimbery,Madarang,professional image,798 Lund Farm Way,Rockaway,Morris,NJ,7866,kimbery_madarang@cox.net,professionalimage.com
Thurman,Manno,professional image,9387 Charcot Ave,Absecon,Atlantic,NJ,8201,thurman.manno@yahoo.com,professionalimage.com
Becky,Mirafuentes,professional image,30553 Washington Rd,Plainfield,Union,NJ,7062,becky.mirafuentes@mirafuentes.com,professionalimage.com
Beatriz,Corrington,"sider, donald c",481 W Lemon St,Middleboro,Plymouth,MA,2346,beatriz@yahoo.com,siderdonaldc.com
Marti,Maybury,"sider, donald c",4 Warehouse Point Rd #7,Chicago,Cook,IL,60638,marti.maybury@yahoo.com,siderdonaldc.com
Nieves,Gotter,"sider, donald c",4940 Pulaski Park Dr,Portland,Multnomah,OR,97202,nieves_gotter@gmail.com,siderdonaldc.com
Leatha,Hagele,"sider, donald c",627 Walford Ave,Dallas,Dallas,TX,75227,lhagele@cox.net,siderdonaldc.com
Valentin,Klimek,"sider, donald c",137 Pioneer Way,Chicago,Cook,IL,60604,vklimek@klimek.org,siderdonaldc.com
Melissa,Wiklund,u pull it,61 13 Stoneridge #835,Findlay,Hancock,OH,45840,melissa@cox.net,upullit.com
Sheridan,Zane,u pull it,2409 Alabama Rd,Riverside,Riverside,CA,92501,sheridan.zane@zane.com,upullit.com
Bulah,Padilla,u pull it,8927 Vandever Ave,Waco,McLennan,TX,76707,bulah_padilla@hotmail.com,upullit.com
Audra,Kohnert,u pull it,134 Lewis Rd,Nashville,Davidson,TN,37211,audra@kohnert.com,upullit.com
Daren,Weirather,u pull it,9 N College Ave #3,Milwaukee,Milwaukee,WI,53216,dweirather@aol.com,upullit.com
Fernanda,Jillson,"clark, richard",60480 Old Us Highway 51,Preston,Caroline,MD,21655,fjillson@aol.com,clarkrichard.com
Gearldine,Gellinger,"clark, richard",4 Bloomfield Ave,Irving,Dallas,TX,75061,gearldine_gellinger@gellinger.com,clarkrichard.com
Chau,Kitzman,"clark, richard",429 Tiger Ln,Beverly Hills,Los Angeles,CA,90212,chau@gmail.com,clarkrichard.com
Theola,Frey,"clark, richard",54169 N Main St,Massapequa,Nassau,NY,11758,theola_frey@frey.com,clarkrichard.com
Cheryl,Haroldson,"clark, richard",92 Main St,Atlantic City,Atlantic,NJ,8401,cheryl@haroldson.org,clarkrichard.com
Laticia,Merced,"moskowitz, barry s",72 Mannix Dr,Cincinnati,Hamilton,OH,45203,lmerced@gmail.com,moskowitzbarrys.com
Carissa,Batman,"moskowitz, barry s",12270 Caton Center Dr,Eugene,Lane,OR,97401,carissa.batman@yahoo.com,moskowitzbarrys.com
Lezlie,Craghead,"moskowitz, barry s",749 W 18th St #45,Smithfield,Johnston,NC,27577,lezlie.craghead@craghead.org,moskowitzbarrys.com
Ozell,Shealy,"moskowitz, barry s",8 Industry Ln,New York,New York,NY,10002,oshealy@hotmail.com,moskowitzbarrys.com
Arminda,Parvis,"moskowitz, barry s",1 Huntwood Ave,Phoenix,Maricopa,AZ,85017,arminda@parvis.com,moskowitzbarrys.com
Reita,Leto,cascade realty advisors,55262 N French Rd,Indianapolis,Marion,IN,46240,reita.leto@gmail.com,cascaderealtyadvisors.com
Yolando,Luczki,cascade realty advisors,422 E 21st St,Syracuse,Onondaga,NY,13214,yolando@cox.net,cascaderealtyadvisors.com
Lizette,Stem,cascade realty advisors,501 N 19th Ave,Cherry Hill,Camden,NJ,8002,lizette.stem@aol.com,cascaderealtyadvisors.com
Gregoria,Pawlowicz,cascade realty advisors,455 N Main Ave,Garden City,Nassau,NY,11530,gpawlowicz@yahoo.com,cascaderealtyadvisors.com
Carin,Deleo,cascade realty advisors,1844 Southern Blvd,Little Rock,Pulaski,AR,72202,cdeleo@deleo.com,cascaderealtyadvisors.com
Chantell,Maynerich,knwz newsradio,2023 Greg St,Saint Paul,Ramsey,MN,55101,chantell@yahoo.com,knwznewsradio.com
Dierdre,Yum,knwz newsradio,63381 Jenks Ave,Philadelphia,Philadelphia,PA,19134,dyum@yahoo.com,knwznewsradio.com
Larae,Gudroe,knwz newsradio,6651 Municipal Rd,Houma,Terrebonne,LA,70360,larae_gudroe@gmail.com,knwznewsradio.com
Latrice,Tolfree,knwz newsradio,81 Norris Ave #525,Ronkonkoma,Suffolk,NY,11779,latrice.tolfree@hotmail.com,knwznewsradio.com
Kerry,Theodorov,knwz newsradio,6916 W Main St,Sacramento,Sacramento,CA,95827,kerry.theodorov@gmail.com,knwznewsradio.com
Dorthy,Hidvegi,"giampetro, anthony d",9635 S Main St,Boise,Ada,ID,83704,dhidvegi@yahoo.com,giampetroanthonyd.com
Fannie,Lungren,"giampetro, anthony d",17 Us Highway 111,Round Rock,Williamson,TX,78664,fannie.lungren@yahoo.com,giampetroanthonyd.com
Evangelina,Radde,"giampetro, anthony d",992 Civic Center Dr,Philadelphia,Philadelphia,PA,19123,evangelina@aol.com,giampetroanthonyd.com
Novella,Degroot,"giampetro, anthony d",303 N Radcliffe St,Hilo,Hawaii,HI,96720,novella_degroot@degroot.org,giampetroanthonyd.com
Clay,Hoa,"giampetro, anthony d",73 Saint Ann St #86,Reno,Washoe,NV,89502,choa@hoa.org,giampetroanthonyd.com
Jennifer,Fallick,milford enterprises,44 58th St,Wheeling,Cook,IL,60090,jfallick@yahoo.com,milfordenterprises.com
Irma,Wolfgramm,milford enterprises,9745 W Main St,Randolph,Morris,NJ,7869,irma.wolfgramm@hotmail.com,milfordenterprises.com
Eun,Coody,milford enterprises,84 Bloomfield Ave,Spartanburg,Spartanburg,SC,29301,eun@yahoo.com,milfordenterprises.com
Sylvia,Cousey,milford enterprises,287 Youngstown Warren Rd,Hampstead,Carroll,MD,21074,sylvia_cousey@cousey.org,milfordenterprises.com
Nana,Wrinkles,milford enterprises,6 Van Buren St,Mount Vernon,Westchester,NY,10553,nana@aol.com,milfordenterprises.com
Layla,Springe,"mosocco, ronald a",229 N Forty Driv,New York,New York,NY,10011,layla.springe@cox.net,mosoccoronalda.com
Joesph,Degonia,"mosocco, ronald a",2887 Knowlton St #5435,Berkeley,Alameda,CA,94710,joesph_degonia@degonia.org,mosoccoronalda.com
Annabelle,Boord,"mosocco, ronald a",523 Marquette Ave,Concord,Middlesex,MA,1742,annabelle.boord@cox.net,mosoccoronalda.com
Stephaine,Vinning,"mosocco, ronald a",3717 Hamann Industrial Pky,San Francisco,San Francisco,CA,94104,stephaine@cox.net,mosoccoronalda.com
Nelida,Sawchuk,"mosocco, ronald a",3 State Route 35 S,Paramus,Bergen,NJ,7652,nelida@gmail.com,mosoccoronalda.com
Marguerita,Hiatt,tri state refueler,82 N Highway 67,Oakley,Contra Costa,CA,94561,marguerita.hiatt@gmail.com,tristaterefueler.com
Carmela,Cookey,tri state refueler,9 Murfreesboro Rd,Chicago,Cook,IL,60623,ccookey@cookey.org,tristaterefueler.com
Junita,Brideau,tri state refueler,6 S Broadway St,Cedar Grove,Essex,NJ,7009,jbrideau@aol.com,tristaterefueler.com
Claribel,Varriano,tri state refueler,6 Harry L Dr #6327,Perrysburg,Wood,OH,43551,claribel_varriano@cox.net,tristaterefueler.com
Benton,Skursky,tri state refueler,47939 Porter Ave,Gardena,Los Angeles,CA,90248,benton.skursky@aol.com,tristaterefueler.com
Hillary,Skulski,parkway company,9 Wales Rd Ne #914,Homosassa,Citrus,FL,34448,hillary.skulski@aol.com,parkwaycompany.com
Merilyn,Bayless,parkway company,195 13n N,Santa Clara,Santa Clara,CA,95054,merilyn_bayless@cox.net,parkwaycompany.com
Teri,Ennaco,parkway company,99 Tank Farm Rd,Hazleton,Luzerne,PA,18201,tennaco@gmail.com,parkwaycompany.com
Merlyn,Lawler,parkway company,4671 Alemany Blvd,Jersey City,Hudson,NJ,7304,merlyn_lawler@hotmail.com,parkwaycompany.com
Georgene,Montezuma,parkway company,98 University Dr,San Ramon,Contra Costa,CA,94583,gmontezuma@cox.net,parkwaycompany.com
Jettie,Mconnell,fbs business finance,50 E Wacker Dr,Bridgewater,Somerset,NJ,8807,jmconnell@hotmail.com,fbsbusinessfinance.com
Lemuel,Latzke,fbs business finance,70 Euclid Ave #722,Bohemia,Suffolk,NY,11716,lemuel.latzke@gmail.com,fbsbusinessfinance.com
Melodie,Knipp,fbs business finance,326 E Main St #6496,Thousand Oaks,Ventura,CA,91362,mknipp@gmail.com,fbsbusinessfinance.com
Candida,Corbley,fbs business finance,406 Main St,Somerville,Somerset,NJ,8876,candida_corbley@hotmail.com,fbsbusinessfinance.com
Karan,Karpin,fbs business finance,3 Elmwood Dr,Beaverton,Washington,OR,97005,karan_karpin@gmail.com,fbsbusinessfinance.com
Andra,Scheyer,eder assocs consltng engrs pc,9 Church St,Salem,Marion,OR,97302,andra@gmail.com,ederassocsconsltngengrspc.com
Felicidad,Poullion,eder assocs consltng engrs pc,9939 N 14th St,Riverton,Burlington,NJ,8077,fpoullion@poullion.com,ederassocsconsltngengrspc.com
Belen,Strassner,eder assocs consltng engrs pc,5384 Southwyck Blvd,Douglasville,Douglas,GA,30135,belen_strassner@aol.com,ederassocsconsltngengrspc.com
Gracia,Melnyk,eder assocs consltng engrs pc,97 Airport Loop Dr,Jacksonville,Duval,FL,32216,gracia@melnyk.com,ederassocsconsltngengrspc.com
Jolanda,Hanafan,eder assocs consltng engrs pc,37855 Nolan Rd,Bangor,Penobscot,ME,4401,jhanafan@gmail.com,ederassocsconsltngengrspc.com
Barrett,Toyama,tri m tool,4252 N Washington Ave #9,Kennedale,Tarrant,TX,76060,barrett.toyama@toyama.org,trimtool.com
Helga,Fredicks,tri m tool,42754 S Ash Ave,Buffalo,Erie,NY,14228,helga_fredicks@yahoo.com,trimtool.com
Ashlyn,Pinilla,tri m tool,703 Beville Rd,Opa Locka,Miami-Dade,FL,33054,apinilla@cox.net,trimtool.com
Fausto,Agramonte,tri m tool,5 Harrison Rd,New York,New York,NY,10038,fausto_agramonte@yahoo.com,trimtool.com
Ronny,Caiafa,tri m tool,73 Southern Blvd,Philadelphia,Philadelphia,PA,19103,ronny.caiafa@caiafa.org,trimtool.com
Marge,Limmel,international eyelets,189 Village Park Rd,Crestview,Okaloosa,FL,32536,marge@gmail.com,internationaleyelets.com
Norah,Waymire,international eyelets,6 Middlegate Rd #106,San Francisco,San Francisco,CA,94107,norah.waymire@gmail.com,internationaleyelets.com
Aliza,Baltimore,international eyelets,1128 Delaware St,San Jose,Santa Clara,CA,95132,aliza@aol.com,internationaleyelets.com
Mozell,Pelkowski,international eyelets,577 Parade St,South San Francisco,San Mateo,CA,94080,mpelkowski@pelkowski.org,internationaleyelets.com
Viola,Bitsuie,international eyelets,70 Mechanic St,Northridge,Los Angeles,CA,91325,viola@gmail.com,internationaleyelets.com
Franklyn,Emard,rapid trading intl,4379 Highway 116,Philadelphia,Philadelphia,PA,19103,femard@emard.com,rapidtradingintl.com
Willodean,Konopacki,rapid trading intl,55 Hawthorne Blvd,Lafayette,Lafayette,LA,70506,willodean_konopacki@konopacki.org,rapidtradingintl.com
Beckie,Silvestrini,rapid trading intl,7116 Western Ave,Dearborn,Wayne,MI,48126,beckie.silvestrini@silvestrini.com,rapidtradingintl.com
Rebecka,Gesick,rapid trading intl,2026 N Plankinton Ave #3,Austin,Travis,TX,78754,rgesick@gesick.org,rapidtradingintl.com
Frederica,Blunk,rapid trading intl,99586 Main St,Dallas,Dallas,TX,75207,frederica_blunk@gmail.com,rapidtradingintl.com
Glen,Bartolet,abc enterprises,8739 Hudson St,Vashon,King,WA,98070,glen_bartolet@hotmail.com,abcenterprises.com
Freeman,Gochal,abc enterprises,383 Gunderman Rd #197,Coatesville,Chester,PA,19320,freeman_gochal@aol.com,abcenterprises.com
Vincent,Meinerding,abc enterprises,4441 Point Term Mkt,Philadelphia,Philadelphia,PA,19143,vincent.meinerding@hotmail.com,abcenterprises.com
Rima,Bevelacqua,abc enterprises,2972 Lafayette Ave,Gardena,Los Angeles,CA,90248,rima@cox.net,abcenterprises.com
Glendora,Sarbacher,abc enterprises,2140 Diamond Blvd,Rohnert Park,Sonoma,CA,94928,gsarbacher@gmail.com,abcenterprises.com
Avery,Steier,cindy turner associates,93 Redmond Rd #492,Orlando,Orange,FL,32803,avery@cox.net,cindyturnerassociates.com
Cristy,Lother,cindy turner associates,3989 Portage Tr,Escondido,San Diego,CA,92025,cristy@lother.com,cindyturnerassociates.com
Nicolette,Brossart,cindy turner associates,1 Midway Rd,Westborough,Worcester,MA,1581,nicolette_brossart@brossart.com,cindyturnerassociates.com
Tracey,Modzelewski,cindy turner associates,77132 Coon Rapids Blvd Nw,Conroe,Montgomery,TX,77301,tracey@hotmail.com,cindyturnerassociates.com
Virgina,Tegarden,cindy turner associates,755 Harbor Way,Milwaukee,Milwaukee,WI,53226,virgina_tegarden@tegarden.com,cindyturnerassociates.com
Tiera,Frankel,"stanton, james d",87 Sierra Rd,El Monte,Los Angeles,CA,91731,tfrankel@aol.com,stantonjamesd.com
Alaine,Bergesen,"stanton, james d",7667 S Hulen St #42,Yonkers,Westchester,NY,10701,alaine_bergesen@cox.net,stantonjamesd.com
Earleen,Mai,"stanton, james d",75684 S Withlapopka Dr #32,Dallas,Dallas,TX,75227,earleen_mai@cox.net,stantonjamesd.com
Leonida,Gobern,"stanton, james d",5 Elmwood Park Blvd,Biloxi,Harrison,MS,39530,leonida@gobern.org,stantonjamesd.com
Ressie,Auffrey,"stanton, james d",23 Palo Alto Sq,Miami,Miami-Dade,FL,33134,ressie.auffrey@yahoo.com,stantonjamesd.com
Justine,Mugnolo,grace pastries,38062 E Main St,New York,New York,NY,10048,jmugnolo@yahoo.com,gracepastries.com
Eladia,Saulter,grace pastries,3958 S Dupont Hwy #7,Ramsey,Bergen,NJ,7446,eladia@saulter.com,gracepastries.com
Chaya,Malvin,grace pastries,560 Civic Center Dr,Ann Arbor,Washtenaw,MI,48103,chaya@malvin.com,gracepastries.com
Gwenn,Suffield,grace pastries,3270 Dequindre Rd,Deer Park,Suffolk,NY,11729,gwenn_suffield@suffield.org,gracepastries.com
Salena,Karpel,grace pastries,1 Garfield Ave #7,Canton,Stark,OH,44707,skarpel@cox.net,gracepastries.com
Yoko,Fishburne,"schroer, gene e",9122 Carpenter Ave,New Haven,New Haven,CT,6511,yoko@fishburne.com,schroergenee.com
Taryn,Moyd,"schroer, gene e",48 Lenox St,Fairfax,Fairfax City,VA,22030,taryn.moyd@hotmail.com,schroergenee.com
Katina,Polidori,"schroer, gene e",5 Little River Tpke,Wilmington,Middlesex,MA,1887,katina_polidori@aol.com,schroergenee.com
Rickie,Plumer,"schroer, gene e",3 N Groesbeck Hwy,Toledo,Lucas,OH,43613,rickie.plumer@aol.com,schroergenee.com
Alex,Loader,"schroer, gene e",37 N Elm St #916,Tacoma,Pierce,WA,98409,alex@loader.com,schroergenee.com
Lashon,Vizarro,knights inn,433 Westminster Blvd #590,Roseville,Placer,CA,95661,lashon@aol.com,knightsinn.com
Lauran,Burnard,knights inn,66697 Park Pl #3224,Riverton,Fremont,WY,82501,lburnard@burnard.com,knightsinn.com
Ceola,Setter,knights inn,96263 Greenwood Pl,Warren,Knox,ME,4864,ceola.setter@setter.org,knightsinn.com
My,Rantanen,knights inn,8 Mcarthur Ln,Richboro,Bucks,PA,18954,my@hotmail.com,knightsinn.com
Lorrine,Worlds,knights inn,8 Fair Lawn Ave,Tampa,Hillsborough,FL,33614,lorrine.worlds@worlds.com,knightsinn.com
Peggie,Sturiale,bollinger mach shp & shipyard,9 N 14th St,El Cajon,San Diego,CA,92020,peggie@cox.net,bollingermachshpshipyard.com
Marvel,Raymo,bollinger mach shp & shipyard,9 Vanowen St,College Station,Brazos,TX,77840,mraymo@yahoo.com,bollingermachshpshipyard.com
Daron,Dinos,bollinger mach shp & shipyard,18 Waterloo Geneva Rd,Highland Park,Lake,IL,60035,daron_dinos@cox.net,bollingermachshpshipyard.com
An,Fritz,bollinger mach shp & shipyard,506 S Hacienda Dr,Atlantic City,Atlantic,NJ,8401,an_fritz@hotmail.com,bollingermachshpshipyard.com
Portia,Stimmel,bollinger mach shp & shipyard,3732 Sherman Ave,Bridgewater,Somerset,NJ,8807,portia.stimmel@aol.com,bollingermachshpshipyard.com
Rhea,Aredondo,orinda news,25657 Live Oak St,Brooklyn,Kings,NY,11226,rhea_aredondo@cox.net,orindanews.com
Benedict,Sama,orinda news,4923 Carey Ave,Saint Louis,Saint Louis City,MO,63104,bsama@cox.net,orindanews.com
Alyce,Arias,orinda news,3196 S Rider Trl,Stockton,San Joaquin,CA,95207,alyce@arias.org,orindanews.com
Heike,Berganza,orinda news,3 Railway Ave #75,Little Falls,Passaic,NJ,7424,heike@gmail.com,orindanews.com
Carey,Dopico,orinda news,87393 E Highland Rd,Indianapolis,Marion,IN,46220,carey_dopico@dopico.org,orindanews.com
Dottie,Hellickson,ballard spahr andrews,67 E Chestnut Hill Rd,Seattle,King,WA,98133,dottie@hellickson.org,ballardspahrandrews.com
Deandrea,Hughey,ballard spahr andrews,33 Lewis Rd #46,Burlington,Alamance,NC,27215,deandrea@yahoo.com,ballardspahrandrews.com
Kimberlie,Duenas,ballard spahr andrews,8100 Jacksonville Rd #7,Hays,Ellis,KS,67601,kimberlie_duenas@yahoo.com,ballardspahrandrews.com
Martina,Staback,ballard spahr andrews,7 W Wabansia Ave #227,Orlando,Orange,FL,32822,martina_staback@staback.com,ballardspahrandrews.com
Skye,Fillingim,ballard spahr andrews,25 Minters Chapel Rd #9,Minneapolis,Hennepin,MN,55401,skye_fillingim@yahoo.com,ballardspahrandrews.com
Jade,Farrar,lowy limousine service,6882 Torresdale Ave,Columbia,Richland,SC,29201,jade.farrar@yahoo.com,lowylimousineservice.com
Charlene,Hamilton,lowy limousine service,985 E 6th Ave,Santa Rosa,Sonoma,CA,95407,charlene.hamilton@hotmail.com,lowylimousineservice.com
Geoffrey,Acey,lowy limousine service,7 West Ave #1,Palatine,Cook,IL,60067,geoffrey@gmail.com,lowylimousineservice.com
Stevie,Westerbeck,lowy limousine service,26659 N 13th St,Costa Mesa,Orange,CA,92626,stevie.westerbeck@yahoo.com,lowylimousineservice.com
Pamella,Fortino,lowy limousine service,669 Packerland Dr #1438,Denver,Denver,CO,80212,pamella@fortino.com,lowylimousineservice.com
Harrison,Haufler,vicon corporation,759 Eldora St,New Haven,New Haven,CT,6515,hhaufler@hotmail.com,viconcorporation.com
Johnna,Engelberg,vicon corporation,5 S Colorado Blvd #449,Bothell,Snohomish,WA,98021,jengelberg@engelberg.org,viconcorporation.com
Buddy,Cloney,vicon corporation,944 Gaither Dr,Strongsville,Cuyahoga,OH,44136,buddy.cloney@yahoo.com,viconcorporation.com
Dalene,Riden,vicon corporation,66552 Malone Rd,Plaistow,Rockingham,NH,3865,dalene.riden@aol.com,viconcorporation.com
Jerry,Zurcher,vicon corporation,77 Massillon Rd #822,Satellite Beach,Brevard,FL,32937,jzurcher@zurcher.org,viconcorporation.com
Haydee,Denooyer,"rossi, michael m",25346 New Rd,New York,New York,NY,10016,hdenooyer@denooyer.org,rossimichaelm.com
Joseph,Cryer,"rossi, michael m",60 Fillmore Ave,Huntington Beach,Orange,CA,92647,joseph_cryer@cox.net,rossimichaelm.com
Deonna,Kippley,"rossi, michael m",57 Haven Ave #90,Southfield,Oakland,MI,48075,deonna_kippley@hotmail.com,rossimichaelm.com
Raymon,Calvaresi,"rossi, michael m",6538 E Pomona St #60,Indianapolis,Marion,IN,46222,raymon.calvaresi@gmail.com,rossimichaelm.com
Alecia,Bubash,"rossi, michael m",6535 Joyce St,Wichita Falls,Wichita,TX,76301,alecia@aol.com,rossimichaelm.com
Ma,Layous,northwest publishing,78112 Morris Ave,North Haven,New Haven,CT,6473,mlayous@hotmail.com,northwestpublishing.com
Detra,Coyier,northwest publishing,96950 Hidden Ln,Aberdeen,Harford,MD,21001,detra@aol.com,northwestpublishing.com
Terrilyn,Rodeigues,northwest publishing,3718 S Main St,New Orleans,Orleans,LA,70130,terrilyn.rodeigues@cox.net,northwestpublishing.com
Salome,Lacovara,northwest publishing,9677 Commerce Dr,Richmond,Richmond City,VA,23219,slacovara@gmail.com,northwestpublishing.com
Garry,Keetch,northwest publishing,5 Green Pond Rd #4,Southampton,Bucks,PA,18966,garry_keetch@hotmail.com,northwestpublishing.com
Matthew,Neither,branford wire & mfg,636 Commerce Dr #42,Shakopee,Scott,MN,55379,mneither@yahoo.com,branfordwiremfg.com
Theodora,Restrepo,branford wire & mfg,42744 Hamann Industrial Pky #82,Miami,Miami-Dade,FL,33136,theodora.restrepo@restrepo.com,branfordwiremfg.com
Noah,Kalafatis,branford wire & mfg,1950 5th Ave,Milwaukee,Milwaukee,WI,53209,noah.kalafatis@aol.com,branfordwiremfg.com
Carmen,Sweigard,branford wire & mfg,61304 N French Rd,Somerset,Somerset,NJ,8873,csweigard@sweigard.com,branfordwiremfg.com
Lavonda,Hengel,branford wire & mfg,87 Imperial Ct #79,Fargo,Cass,ND,58102,lavonda@cox.net,branfordwiremfg.com
Junita,Stoltzman,east coast marketing,94 W Dodge Rd,Carson City,Carson City,NV,89701,junita@aol.com,eastcoastmarketing.com
Herminia,Nicolozakes,east coast marketing,4 58th St #3519,Scottsdale,Maricopa,AZ,85254,herminia@nicolozakes.org,eastcoastmarketing.com
Casie,Good,east coast marketing,5221 Bear Valley Rd,Nashville,Davidson,TN,37211,casie.good@aol.com,eastcoastmarketing.com
Reena,Maisto,east coast marketing,9648 S Main,Salisbury,Wicomico,MD,21801,reena@hotmail.com,eastcoastmarketing.com
Mirta,Mallett,east coast marketing,7 S San Marcos Rd,New York,New York,NY,10004,mirta_mallett@gmail.com,eastcoastmarketing.com
Cathrine,Pontoriero,wye technologies,812 S Haven St,Amarillo,Randall,TX,79109,cathrine.pontoriero@pontoriero.com,wyetechnologies.com
Filiberto,Tawil,wye technologies,3882 W Congress St #799,Los Angeles,Los Angeles,CA,90016,ftawil@hotmail.com,wyetechnologies.com
Raul,Upthegrove,wye technologies,4 E Colonial Dr,La Mesa,San Diego,CA,91942,rupthegrove@yahoo.com,wyetechnologies.com
Sarah,Candlish,wye technologies,45 2nd Ave #9759,Atlanta,Fulton,GA,30328,sarah.candlish@gmail.com,wyetechnologies.com
Lucy,Treston,wye technologies,57254 Brickell Ave #372,Worcester,Worcester,MA,1602,lucy@cox.net,wyetechnologies.com
Judy,Aquas,"healy, george w iv",8977 Connecticut Ave Nw #3,Niles,Berrien,MI,49120,jaquas@aquas.com,healygeorgewiv.com
Yvonne,Tjepkema,"healy, george w iv",9 Waydell St,Fairfield,Essex,NJ,7004,yvonne.tjepkema@hotmail.com,healygeorgewiv.com
Kayleigh,Lace,"healy, george w iv",43 Huey P Long Ave,Lafayette,Lafayette,LA,70508,kayleigh.lace@yahoo.com,healygeorgewiv.com
Felix,Hirpara,"healy, george w iv",7563 Cornwall Rd #4462,Denver,Lancaster,PA,17517,felix_hirpara@cox.net,healygeorgewiv.com
Tresa,Sweely,"healy, george w iv",22 Bridle Ln,Valley Park,Saint Louis,MO,63088,tresa_sweely@hotmail.com,healygeorgewiv.com
Kristeen,Turinetti,alpenlite,70099 E North Ave,Arlington,Tarrant,TX,76013,kristeen@gmail.com,alpenlite.com
Jenelle,Regusters,alpenlite,3211 E Northeast Loop,Tampa,Hillsborough,FL,33619,jregusters@regusters.com,alpenlite.com
Renea,Monterrubio,alpenlite,26 Montgomery St,Atlanta,Fulton,GA,30328,renea@hotmail.com,alpenlite.com
Olive,Matuszak,alpenlite,13252 Lighthouse Ave,Cathedral City,Riverside,CA,92234,olive@aol.com,alpenlite.com
Ligia,Reiber,alpenlite,206 Main St #2804,Lansing,Ingham,MI,48933,lreiber@cox.net,alpenlite.com
Christiane,Eschberger,"hubbard, bruce",96541 W Central Blvd,Phoenix,Maricopa,AZ,85034,christiane.eschberger@yahoo.com,hubbardbruce.com
Goldie,Schirpke,"hubbard, bruce",34 Saint George Ave #2,Bangor,Penobscot,ME,4401,goldie.schirpke@yahoo.com,hubbardbruce.com
Loreta,Timenez,"hubbard, bruce",47857 Coney Island Ave,Clinton,Prince Georges,MD,20735,loreta.timenez@hotmail.com,hubbardbruce.com
Fabiola,Hauenstein,"hubbard, bruce",8573 Lincoln Blvd,York,York,PA,17404,fabiola.hauenstein@hauenstein.org,hubbardbruce.com
Amie,Perigo,"hubbard, bruce",596 Santa Maria Ave #7913,Mesquite,Dallas,TX,75150,amie.perigo@yahoo.com,hubbardbruce.com
Raina,Brachle,arthur a oliver & son,3829 Ventura Blvd,Butte,Silver Bow,MT,59701,raina.brachle@brachle.org,arthuraoliverson.com
Erinn,Canlas,arthur a oliver & son,13 S Hacienda Dr,Livingston,Essex,NJ,7039,erinn.canlas@canlas.com,arthuraoliverson.com
Cherry,Lietz,arthur a oliver & son,40 9th Ave Sw #91,Waterford,Oakland,MI,48329,cherry@lietz.com,arthuraoliverson.com
Kattie,Vonasek,arthur a oliver & son,2845 Boulder Crescent St,Cleveland,Cuyahoga,OH,44103,kattie@vonasek.org,arthuraoliverson.com
Lilli,Scriven,arthur a oliver & son,33 State St,Abilene,Taylor,TX,79601,lilli@aol.com,arthuraoliverson.com
Whitley,Tomasulo,george jessop carter jewelers,2 S 15th St,Fort Worth,Tarrant,TX,76107,whitley.tomasulo@aol.com,georgejessopcarterjewelers.com
Barbra,Adkin,george jessop carter jewelers,4 Kohler Memorial Dr,Brooklyn,Kings,NY,11230,badkin@hotmail.com,georgejessopcarterjewelers.com
Hermila,Thyberg,george jessop carter jewelers,1 Rancho Del Mar Shopping C,Providence,Providence,RI,2903,hermila_thyberg@hotmail.com,georgejessopcarterjewelers.com
Jesusita,Flister,george jessop carter jewelers,3943 N Highland Ave,Lancaster,Lancaster,PA,17601,jesusita.flister@hotmail.com,georgejessopcarterjewelers.com
Caitlin,Julia,george jessop carter jewelers,5 Williams St,Johnston,Providence,RI,2919,caitlin.julia@julia.org,georgejessopcarterjewelers.com
Roosevelt,Hoffis,"schultz, thomas c md",60 Old Dover Rd,Hialeah,Miami-Dade,FL,33014,roosevelt.hoffis@aol.com,schultzthomascmd.com
Helaine,Halter,"schultz, thomas c md",8 Sheridan Rd,Jersey City,Hudson,NJ,7304,hhalter@yahoo.com,schultzthomascmd.com
Lorean,Martabano,"schultz, thomas c md",85092 Southern Blvd,San Antonio,Bexar,TX,78204,lorean.martabano@hotmail.com,schultzthomascmd.com
France,Buzick,"schultz, thomas c md",64 Newman Springs Rd E,Brooklyn,Kings,NY,11219,france.buzick@yahoo.com,schultzthomascmd.com
Justine,Ferrario,"schultz, thomas c md",48 Stratford Ave,Pomona,Los Angeles,CA,91768,jferrario@hotmail.com,schultzthomascmd.com
Adelina,Nabours,h h h enterprises,80 Pittsford Victor Rd #9,Cleveland,Cuyahoga,OH,44103,adelina_nabours@gmail.com,hhhenterprises.com
Derick,Dhamer,h h h enterprises,87163 N Main Ave,New York,New York,NY,10013,ddhamer@cox.net,hhhenterprises.com
Jerry,Dallen,h h h enterprises,393 Lafayette Ave,Richmond,Richmond City,VA,23219,jerry.dallen@yahoo.com,hhhenterprises.com
Leota,Ragel,h h h enterprises,99 5th Ave #33,Trion,Chattooga,GA,30753,leota.ragel@gmail.com,hhhenterprises.com
Jutta,Amyot,h h h enterprises,49 N Mays St,Broussard,Lafayette,LA,70518,jamyot@hotmail.com,hhhenterprises.com
Aja,Gehrett,hawaiian king hotel,993 Washington Ave,Nutley,Essex,NJ,7110,aja_gehrett@hotmail.com,hawaiiankinghotel.com
Kirk,Herritt,hawaiian king hotel,88 15th Ave Ne,Vestal,Broome,NY,13850,kirk.herritt@aol.com,hawaiiankinghotel.com
Leonora,Mauson,hawaiian king hotel,3381 E 40th Ave,Passaic,Passaic,NJ,7055,leonora@yahoo.com,hawaiiankinghotel.com
Winfred,Brucato,hawaiian king hotel,201 Ridgewood Rd,Moscow,Latah,ID,83843,winfred_brucato@hotmail.com,hawaiiankinghotel.com
Tarra,Nachor,hawaiian king hotel,39 Moccasin Dr,San Francisco,San Francisco,CA,94104,tarra.nachor@cox.net,hawaiiankinghotel.com
Corinne,Loder,killion industries,4 Carroll St,North Attleboro,Bristol,MA,2760,corinne@loder.org,killionindustries.com
Dulce,Labreche,killion industries,9581 E Arapahoe Rd,Rochester,Oakland,MI,48307,dulce_labreche@yahoo.com,killionindustries.com
Kate,Keneipp,killion industries,33 N Michigan Ave,Green Bay,Brown,WI,54301,kate_keneipp@yahoo.com,killionindustries.com
Kaitlyn,Ogg,killion industries,2 S Biscayne Blvd,Baltimore,Baltimore City,MD,21230,kaitlyn.ogg@gmail.com,killionindustries.com
Sherita,Saras,killion industries,8 Us Highway 22,Colorado Springs,El Paso,CO,80937,sherita.saras@cox.net,killionindustries.com
Lashawnda,Stuer,"robinson, william j",7422 Martin Ave #8,Toledo,Lucas,OH,43607,lstuer@cox.net,robinsonwilliamj.com
Ernest,Syrop,"robinson, william j",94 Chase Rd,Hyattsville,Prince Georges,MD,20785,ernest@cox.net,robinsonwilliamj.com
Nobuko,Halsey,"robinson, william j",8139 I Hwy 10 #92,New Bedford,Bristol,MA,2745,nobuko.halsey@yahoo.com,robinsonwilliamj.com
Lavonna,Wolny,"robinson, william j",5 Cabot Rd,Mc Lean,Fairfax,VA,22102,lavonna.wolny@hotmail.com,robinsonwilliamj.com
Lashaunda,Lizama,"robinson, william j",3387 Ryan Dr,Hanover,Anne Arundel,MD,21076,llizama@cox.net,robinsonwilliamj.com
Mariann,Bilden,private properties,3125 Packer Ave #9851,Austin,Travis,TX,78753,mariann.bilden@aol.com,privateproperties.com
Helene,Rodenberger,private properties,347 Chestnut St,Peoria,Maricopa,AZ,85381,helene@aol.com,privateproperties.com
Roselle,Estell,private properties,8116 Mount Vernon Ave,Bucyrus,Crawford,OH,44820,roselle.estell@hotmail.com,privateproperties.com
Samira,Heintzman,private properties,8772 Old County Rd #5410,Kent,King,WA,98032,sheintzman@hotmail.com,privateproperties.com
Margart,Meisel,private properties,868 State St #38,Cincinnati,Hamilton,OH,45251,margart_meisel@yahoo.com,privateproperties.com
Kristofer,Bennick,rowley schlimgen,772 W River Dr,Bloomington,Monroe,IN,47404,kristofer.bennick@yahoo.com,rowleyschlimgen.com
Weldon,Acuff,rowley schlimgen,73 W Barstow Ave,Arlington Heights,Cook,IL,60004,wacuff@gmail.com,rowleyschlimgen.com
Shalon,Shadrick,rowley schlimgen,61047 Mayfield Ave,Brooklyn,Kings,NY,11223,shalon@cox.net,rowleyschlimgen.com
Denise,Patak,rowley schlimgen,2139 Santa Rosa Ave,Orlando,Orange,FL,32801,denise@patak.org,rowleyschlimgen.com
Louvenia,Beech,rowley schlimgen,598 43rd St,Beverly Hills,Los Angeles,CA,90210,louvenia.beech@beech.com,rowleyschlimgen.com
Audry,Yaw,forging specialties,70295 Pioneer Ct,Brandon,Hillsborough,FL,33511,audry.yaw@yaw.org,forgingspecialties.com
Kristel,Ehmann,forging specialties,92899 Kalakaua Ave,El Paso,El Paso,TX,79925,kristel.ehmann@aol.com,forgingspecialties.com
Vincenza,Zepp,forging specialties,395 S 6th St #2,El Cajon,San Diego,CA,92020,vzepp@gmail.com,forgingspecialties.com
Elouise,Gwalthney,forging specialties,9506 Edgemore Ave,Bladensburg,Prince Georges,MD,20710,egwalthney@yahoo.com,forgingspecialties.com
Venita,Maillard,forging specialties,72119 S Walker Ave #63,Anaheim,Orange,CA,92801,venita_maillard@gmail.com,forgingspecialties.com
Kasandra,Semidey,"smits, patricia garity",369 Latham St #500,Saint Louis,Saint Louis City,MO,63102,kasandra_semidey@semidey.com,smitspatriciagarity.com
Xochitl,Discipio,"smits, patricia garity",3158 Runamuck Pl,Round Rock,Williamson,TX,78664,xdiscipio@gmail.com,smitspatriciagarity.com
Maile,Linahan,"smits, patricia garity",9 Plainsboro Rd #598,Greensboro,Guilford,NC,27409,mlinahan@yahoo.com,smitspatriciagarity.com
Krissy,Rauser,"smits, patricia garity",8728 S Broad St,Coram,Suffolk,NY,11727,krauser@cox.net,smitspatriciagarity.com
Pete,Dubaldi,"smits, patricia garity",2215 Prosperity Dr,Lyndhurst,Bergen,NJ,7071,pdubaldi@hotmail.com,smitspatriciagarity.com
Linn,Paa,h lee leonard attorney at law,1 S Pine St,Memphis,Shelby,TN,38112,linn_paa@paa.com,hleeleonardattorneyatlaw.com
Paris,Wide,h lee leonard attorney at law,187 Market St,Atlanta,Fulton,GA,30342,paris@hotmail.com,hleeleonardattorneyatlaw.com
Wynell,Dorshorst,h lee leonard attorney at law,94290 S Buchanan St,Pacifica,San Mateo,CA,94044,wynell_dorshorst@dorshorst.org,hleeleonardattorneyatlaw.com
Quentin,Birkner,h lee leonard attorney at law,7061 N 2nd St,Burnsville,Dakota,MN,55337,qbirkner@aol.com,hleeleonardattorneyatlaw.com
Regenia,Kannady,h lee leonard attorney at law,10759 Main St,Scottsdale,Maricopa,AZ,85260,regenia.kannady@cox.net,hleeleonardattorneyatlaw.com
Sheron,Louissant,a k construction,97 E 3rd St #9,Long Island City,Queens,NY,11101,sheron@aol.com,akconstruction.com
Izetta,Funnell,a k construction,82 Winsor St #54,Atlanta,Dekalb,GA,30340,izetta.funnell@hotmail.com,akconstruction.com
Rodolfo,Butzen,a k construction,41 Steel Ct,Northfield,Rice,MN,55057,rodolfo@hotmail.com,akconstruction.com
Zona,Colla,a k construction,49440 Dearborn St,Norwalk,Fairfield,CT,6854,zona@hotmail.com,akconstruction.com
Serina,Zagen,a k construction,7 S Beverly Dr,Fort Wayne,Allen,IN,46802,szagen@aol.com,akconstruction.com
Paz,Sahagun,"ambelang, jessica m md",919 Wall Blvd,Meridian,Lauderdale,MS,39307,paz_sahagun@cox.net,ambelangjessicammd.com
Markus,Lukasik,"ambelang, jessica m md",89 20th St E #779,Sterling Heights,Macomb,MI,48310,markus@yahoo.com,ambelangjessicammd.com
Jaclyn,Bachman,"ambelang, jessica m md",721 Interstate 45 S,Colorado Springs,El Paso,CO,80919,jaclyn@aol.com,ambelangjessicammd.com
Cyril,Daufeldt,"ambelang, jessica m md",3 Lawton St,New York,New York,NY,10013,cyril_daufeldt@daufeldt.com,ambelangjessicammd.com
Gayla,Schnitzler,"ambelang, jessica m md",38 Pleasant Hill Rd,Hayward,Alameda,CA,94545,gschnitzler@gmail.com,ambelangjessicammd.com
Erick,Nievas,q a service,45 E Acacia Ct,Chicago,Cook,IL,60624,erick_nievas@aol.com,qaservice.com
Jennie,Drymon,q a service,63728 Poway Rd #1,Scranton,Lackawanna,PA,18509,jennie@cox.net,qaservice.com
Mitsue,Scipione,q a service,77 222 Dr,Oroville,Butte,CA,95965,mscipione@scipione.com,qaservice.com
Ciara,Ventura,q a service,53 W Carey St,Port Jervis,Orange,NY,12771,cventura@yahoo.com,qaservice.com
Galen,Cantres,q a service,617 Nw 36th Ave,Brook Park,Cuyahoga,OH,44142,galen@yahoo.com,qaservice.com
Truman,Feichtner,wood & whitacre contractors,539 Coldwater Canyon Ave,Bloomfield,Essex,NJ,7003,tfeichtner@yahoo.com,woodwhitacrecontractors.com
Gail,Kitty,wood & whitacre contractors,735 Crawford Dr,Anchorage,Anchorage,AK,99501,gail@kitty.com,woodwhitacrecontractors.com
Dalene,Schoeneck,wood & whitacre contractors,910 Rahway Ave,Philadelphia,Philadelphia,PA,19102,dalene@schoeneck.org,woodwhitacrecontractors.com
Gertude,Witten,wood & whitacre contractors,7 Tarrytown Rd,Cincinnati,Hamilton,OH,45217,gertude.witten@gmail.com,woodwhitacrecontractors.com
Lizbeth,Kohl,wood & whitacre contractors,35433 Blake St #588,Gardena,Los Angeles,CA,90248,lizbeth@yahoo.com,woodwhitacrecontractors.com
Glenn,Berray,mark iv press,29 Cherry St #7073,Des Moines,Polk,IA,50315,gberray@gmail.com,markivpress.com
Lashandra,Klang,mark iv press,810 N La Brea Ave,King of Prussia,Montgomery,PA,19406,lashandra@yahoo.com,markivpress.com
Lenna,Newville,mark iv press,987 Main St,Raleigh,Wake,NC,27601,lnewville@newville.com,markivpress.com
Laurel,Pagliuca,mark iv press,36 Enterprise St Se,Richland,Benton,WA,99352,laurel@yahoo.com,markivpress.com
Mireya,Frerking,mark iv press,8429 Miller Rd,Pelham,Westchester,NY,10803,mireya.frerking@hotmail.com,markivpress.com
Annelle,Tagala,museum of science & industry,5 W 7th St,Parkville,Baltimore,MD,21234,annelle@yahoo.com,museumofscienceindustry.com
Dean,Ketelsen,museum of science & industry,2 Flynn Rd,Hicksville,Nassau,NY,11801,dean_ketelsen@gmail.com,museumofscienceindustry.com
Levi,Munis,museum of science & industry,2094 Ne 36th Ave,Worcester,Worcester,MA,1603,levi.munis@gmail.com,museumofscienceindustry.com
Sylvie,Ryser,museum of science & industry,649 Tulane Ave,Tulsa,Tulsa,OK,74105,sylvie@aol.com,museumofscienceindustry.com
Sharee,Maile,museum of science & industry,2094 Montour Blvd,Muskegon,Muskegon,MI,49442,sharee_maile@aol.com,museumofscienceindustry.com
Cordelia,Storment,garrison ind,393 Hammond Dr,Lafayette,Lafayette,LA,70506,cordelia_storment@aol.com,garrisonind.com
Mollie,Mcdoniel,garrison ind,8590 Lake Lizzie Dr,Bowling Green,Wood,OH,43402,mollie_mcdoniel@yahoo.com,garrisonind.com
Brett,Mccullan,garrison ind,87895 Concord Rd,La Mesa,San Diego,CA,91942,brett.mccullan@mccullan.com,garrisonind.com
Teddy,Pedrozo,garrison ind,46314 Route 130,Bridgeport,Fairfield,CT,6610,teddy_pedrozo@aol.com,garrisonind.com
Tasia,Andreason,garrison ind,4 Cowesett Ave,Kearny,Hudson,NJ,7032,tasia_andreason@yahoo.com,garrisonind.com
Hubert,Walthall,saronix nymph products,95 Main Ave #2,Barberton,Summit,OH,44203,hubert@walthall.org,saronixnymphproducts.com
Arthur,Farrow,saronix nymph products,28 S 7th St #2824,Englewood,Bergen,NJ,7631,arthur.farrow@yahoo.com,saronixnymphproducts.com
Vilma,Berlanga,saronix nymph products,79 S Howell Ave,Grand Rapids,Kent,MI,49546,vberlanga@berlanga.com,saronixnymphproducts.com
Billye,Miro,saronix nymph products,36 Lancaster Dr Se,Pearl,Rankin,MS,39208,billye_miro@cox.net,saronixnymphproducts.com
Glenna,Slayton,saronix nymph products,2759 Livingston Ave,Memphis,Shelby,TN,38118,glenna_slayton@cox.net,saronixnymphproducts.com
Mitzie,Hudnall,smc,17 Jersey Ave,Englewood,Arapahoe,CO,80110,mitzie_hudnall@yahoo.com,smc.com
Bernardine,Rodefer,smc,2 W Grand Ave,Memphis,Shelby,TN,38112,bernardine_rodefer@yahoo.com,smc.com
Staci,Schmaltz,smc,18 Coronado Ave #563,Pasadena,Los Angeles,CA,91106,staci_schmaltz@aol.com,smc.com
Nichelle,Meteer,smc,72 Beechwood Ter,Chicago,Cook,IL,60657,nichelle_meteer@meteer.com,smc.com
Janine,Rhoden,smc,92 Broadway,Astoria,Queens,NY,11103,jrhoden@yahoo.com,smc.com
Ettie,Hoopengardner,e a i electronic assocs,39 Franklin Ave,Richland,Benton,WA,99352,ettie.hoopengardner@hotmail.com,eaielectronicassocs.com
Eden,Jayson,e a i electronic assocs,4 Iwaena St,Baltimore,Baltimore City,MD,21202,eden_jayson@yahoo.com,eaielectronicassocs.com
Lynelle,Auber,e a i electronic assocs,32820 Corkwood Rd,Newark,Essex,NJ,7104,lynelle_auber@gmail.com,eaielectronicassocs.com
Merissa,Tomblin,e a i electronic assocs,34 Raritan Center Pky,Bellflower,Los Angeles,CA,90706,merissa.tomblin@gmail.com,eaielectronicassocs.com
Golda,Kaniecki,e a i electronic assocs,6201 S Nevada Ave,Toms River,Ocean,NJ,8755,golda_kaniecki@yahoo.com,eaielectronicassocs.com
Catarina,Gleich,"conte, christopher a",78 Maryland Dr #146,Denville,Morris,NJ,7834,catarina_gleich@hotmail.com,contechristophera.com
Virgie,Kiel,"conte, christopher a",76598 Rd  I 95 #1,Denver,Denver,CO,80216,vkiel@hotmail.com,contechristophera.com
Jolene,Ostolaza,"conte, christopher a",1610 14th St Nw,Newport News,Newport News City,VA,23608,jolene@yahoo.com,contechristophera.com
Keneth,Borgman,"conte, christopher a",86350 Roszel Rd,Phoenix,Maricopa,AZ,85012,keneth@yahoo.com,contechristophera.com
Rikki,Nayar,"conte, christopher a",1644 Clove Rd,Miami,Miami-Dade,FL,33155,rikki@nayar.com,contechristophera.com
Elke,Sengbusch,anker law office,9 W Central Ave,Phoenix,Maricopa,AZ,85013,elke_sengbusch@yahoo.com,ankerlawoffice.com
Hoa,Sarao,anker law office,27846 Lafayette Ave,Oak Hill,Volusia,FL,32759,hoa@sarao.org,ankerlawoffice.com
Trinidad,Mcrae,anker law office,10276 Brooks St,San Francisco,San Francisco,CA,94105,trinidad_mcrae@yahoo.com,ankerlawoffice.com
Mari,Lueckenbach,anker law office,1 Century Park E,San Diego,San Diego,CA,92110,mari_lueckenbach@yahoo.com,ankerlawoffice.com
Selma,Husser,anker law office,9 State Highway 57 #22,Jersey City,Hudson,NJ,7306,selma.husser@cox.net,ankerlawoffice.com
Antione,Onofrio,beutelschies & company,4 S Washington Ave,San Bernardino,San Bernardino,CA,92410,aonofrio@onofrio.com,beutelschiescompany.com
Luisa,Jurney,beutelschies & company,25 Se 176th Pl,Cambridge,Middlesex,MA,2138,ljurney@hotmail.com,beutelschiescompany.com
Clorinda,Heimann,beutelschies & company,105 Richmond Valley Rd,Escondido,San Diego,CA,92025,clorinda.heimann@hotmail.com,beutelschiescompany.com
Dick,Wenzinger,beutelschies & company,22 Spruce St #595,Gardena,Los Angeles,CA,90248,dick@yahoo.com,beutelschiescompany.com
Ahmed,Angalich,beutelschies & company,2 W Beverly Blvd,Harrisburg,Dauphin,PA,17110,ahmed.angalich@angalich.com,beutelschiescompany.com
Iluminada,Ohms,"fligg, kenneth i jr",72 Southern Blvd,Mesa,Maricopa,AZ,85204,iluminada.ohms@yahoo.com,fliggkennethijr.com
Joanna,Leinenbach,"fligg, kenneth i jr",1 Washington St,Lake Worth,Palm Beach,FL,33461,joanna_leinenbach@hotmail.com,fliggkennethijr.com
Caprice,Suell,"fligg, kenneth i jr",90177 N 55th Ave,Nashville,Davidson,TN,37211,caprice@aol.com,fliggkennethijr.com
Stephane,Myricks,"fligg, kenneth i jr",9 Tower Ave,Burlington,Boone,KY,41005,stephane_myricks@cox.net,fliggkennethijr.com
Quentin,Swayze,"fligg, kenneth i jr",278 Bayview Ave,Milan,Monroe,MI,48160,quentin_swayze@yahoo.com,fliggkennethijr.com
Annmarie,Castros,"sharp, j daniel",80312 W 32nd St,Conroe,Montgomery,TX,77301,annmarie_castros@gmail.com,sharpjdaniel.com
Shonda,Greenbush,"sharp, j daniel",82 Us Highway 46,Clifton,Passaic,NJ,7011,shonda_greenbush@cox.net,sharpjdaniel.com
Cecil,Lapage,"sharp, j daniel",4 Stovall St #72,Union City,Hudson,NJ,7087,clapage@lapage.com,sharpjdaniel.com
Jeanice,Claucherty,"sharp, j daniel",19 Amboy Ave,Miami,Miami-Dade,FL,33142,jeanice.claucherty@yahoo.com,sharpjdaniel.com
Josphine,Villanueva,"sharp, j daniel",63 Smith Ln #8343,Moss,Clay,TN,38575,josphine_villanueva@villanueva.com,sharpjdaniel.com
Daniel,Perruzza,"assink, anne h",11360 S Halsted St,Santa Ana,Orange,CA,92705,dperruzza@perruzza.com,assinkanneh.com
Cassi,Wildfong,"assink, anne h",26849 Jefferson Hwy,Rolling Meadows,Cook,IL,60008,cassi.wildfong@aol.com,assinkanneh.com
Britt,Galam,"assink, anne h",2500 Pringle Rd Se #508,Hatfield,Montgomery,PA,19440,britt@galam.org,assinkanneh.com
Adell,Lipkin,"assink, anne h",65 Mountain View Dr,Whippany,Morris,NJ,7981,adell.lipkin@lipkin.com,assinkanneh.com
Jacqueline,Rowling,"assink, anne h",1 N San Saba,Erie,Erie,PA,16501,jacqueline.rowling@yahoo.com,assinkanneh.com
Lonny,Weglarz,jewel my shop,51120 State Route 18,Salt Lake City,Salt Lake,UT,84115,lonny_weglarz@gmail.com,jewelmyshop.com
Lonna,Diestel,jewel my shop,1482 College Ave,Fayetteville,Cumberland,NC,28301,lonna_diestel@gmail.com,jewelmyshop.com
Cristal,Samara,jewel my shop,4119 Metropolitan Dr,Los Angeles,Los Angeles,CA,90021,cristal@cox.net,jewelmyshop.com
Kenneth,Grenet,jewel my shop,2167 Sierra Rd,East Lansing,Ingham,MI,48823,kenneth.grenet@grenet.org,jewelmyshop.com
Elli,Mclaird,jewel my shop,6 Sunrise Ave,Utica,Oneida,NY,13501,emclaird@mclaird.com,jewelmyshop.com
Alline,Jeanty,chinese translation resources,55713 Lake City Hwy,South Bend,St Joseph,IN,46601,ajeanty@gmail.com,chinesetranslationresources.com
Sharika,Eanes,chinese translation resources,75698 N Fiesta Blvd,Orlando,Orange,FL,32806,sharika.eanes@aol.com,chinesetranslationresources.com
Nu,Mcnease,chinese translation resources,88 Sw 28th Ter,Harrison,Hudson,NJ,7029,nu@gmail.com,chinesetranslationresources.com
Daniela,Comnick,chinese translation resources,7 Flowers Rd #403,Trenton,Mercer,NJ,8611,dcomnick@cox.net,chinesetranslationresources.com
Cecilia,Colaizzo,chinese translation resources,4 Nw 12th St #3849,Madison,Dane,WI,53717,cecilia_colaizzo@colaizzo.com,chinesetranslationresources.com
Leslie,Threets,"stevens, charles t",2 A Kelley Dr,Katonah,Westchester,NY,10536,leslie@cox.net,stevenscharlest.com
Nan,Koppinger,"stevens, charles t",88827 Frankford Ave,Greensboro,Guilford,NC,27401,nan@koppinger.com,stevenscharlest.com
Izetta,Dewar,"stevens, charles t",2 W Scyene Rd #3,Baltimore,Baltimore City,MD,21217,idewar@dewar.com,stevenscharlest.com
Tegan,Arceo,"stevens, charles t",62260 Park Stre,Monroe Township,Middlesex,NJ,8831,tegan.arceo@arceo.org,stevenscharlest.com
Ruthann,Keener,"stevens, charles t",3424 29th St Se,Kerrville,Kerr,TX,78028,ruthann@hotmail.com,stevenscharlest.com
Joni,Breland,"mclaughlin, luther w",35 E Main St #43,Elk Grove Village,Cook,IL,60007,joni_breland@cox.net,mclaughlinlutherw.com
Vi,Rentfro,"mclaughlin, luther w",7163 W Clark Rd,Freehold,Monmouth,NJ,7728,vrentfro@cox.net,mclaughlinlutherw.com
Colette,Kardas,"mclaughlin, luther w",21575 S Apple Creek Rd,Omaha,Douglas,NE,68124,colette.kardas@yahoo.com,mclaughlinlutherw.com
Malcolm,Tromblay,"mclaughlin, luther w",747 Leonis Blvd,Annandale,Fairfax,VA,22003,malcolm_tromblay@cox.net,mclaughlinlutherw.com
Ryan,Harnos,"mclaughlin, luther w",13 Gunnison St,Plano,Collin,TX,75075,ryan@cox.net,mclaughlinlutherw.com
Jess,Chaffins,tree musketeers,18 3rd Ave,New York,New York,NY,10016,jess.chaffins@chaffins.org,treemusketeers.com
Sharen,Bourbon,tree musketeers,62 W Austin St,Syosset,Nassau,NY,11791,sbourbon@yahoo.com,treemusketeers.com
Nickolas,Juvera,tree musketeers,177 S Rider Trl #52,Crystal River,Citrus,FL,34429,nickolas_juvera@cox.net,treemusketeers.com
Gary,Nunlee,tree musketeers,2 W Mount Royal Ave,Fortville,Hancock,IN,46040,gary_nunlee@nunlee.org,treemusketeers.com
Diane,Devreese,tree musketeers,1953 Telegraph Rd,Saint Joseph,Buchanan,MO,64504,diane@cox.net,treemusketeers.com
Roslyn,Chavous,springfield div oh edison,63517 Dupont St,Jackson,Hinds,MS,39211,roslyn.chavous@chavous.org,springfielddivohedison.com
Glory,Schieler,springfield div oh edison,5 E Truman Rd,Abilene,Taylor,TX,79602,glory@yahoo.com,springfielddivohedison.com
Rasheeda,Sayaphon,springfield div oh edison,251 Park Ave #979,Saratoga,Santa Clara,CA,95070,rasheeda@aol.com,springfielddivohedison.com
Alpha,Palaia,springfield div oh edison,43496 Commercial Dr #29,Cherry Hill,Camden,NJ,8003,alpha@yahoo.com,springfielddivohedison.com
Refugia,Jacobos,springfield div oh edison,2184 Worth St,Hayward,Alameda,CA,94545,refugia.jacobos@jacobos.com,springfielddivohedison.com
Shawnda,Yori,logan memorial hospital,50126 N Plankinton Ave,Longwood,Seminole,FL,32750,shawnda.yori@yahoo.com,loganmemorialhospital.com
Mona,Delasancha,logan memorial hospital,38773 Gravois Ave,Cheyenne,Laramie,WY,82001,mdelasancha@hotmail.com,loganmemorialhospital.com
Gilma,Liukko,logan memorial hospital,16452 Greenwich St,Garden City,Nassau,NY,11530,gilma_liukko@gmail.com,loganmemorialhospital.com
Janey,Gabisi,logan memorial hospital,40 Cambridge Ave,Madison,Dane,WI,53715,jgabisi@hotmail.com,loganmemorialhospital.com
Lili,Paskin,logan memorial hospital,20113 4th Ave E,Kearny,Hudson,NJ,7032,lili.paskin@cox.net,loganmemorialhospital.com
Loren,Asar,"kelly, charles g",6 Ridgewood Center Dr,Old Forge,Lackawanna,PA,18518,loren.asar@aol.com,kellycharlesg.com
Dorothy,Chesterfield,"kelly, charles g",469 Outwater Ln,San Diego,San Diego,CA,92126,dorothy@cox.net,kellycharlesg.com
Gail,Similton,"kelly, charles g",62 Monroe St,Thousand Palms,Riverside,CA,92276,gail_similton@similton.com,kellycharlesg.com
Catalina,Tillotson,"kelly, charles g",3338 A Lockport Pl #6,Margate City,Atlantic,NJ,8402,catalina@hotmail.com,kellycharlesg.com
Lawrence,Lorens,"kelly, charles g",9 Hwy,Providence,Providence,RI,2906,lawrence.lorens@hotmail.com,kellycharlesg.com
Carlee,Boulter,industrial paper shredders,8284 Hart St,Abilene,Dickinson,KS,67410,carlee.boulter@hotmail.com,industrialpapershredders.com
Thaddeus,Ankeny,industrial paper shredders,5 Washington St #1,Roseville,Placer,CA,95678,tankeny@ankeny.org,industrialpapershredders.com
Jovita,Oles,industrial paper shredders,8 S Haven St,Daytona Beach,Volusia,FL,32114,joles@gmail.com,industrialpapershredders.com
Alesia,Hixenbaugh,industrial paper shredders,9 Front St,Washington,District of Columbia,DC,20001,alesia_hixenbaugh@hixenbaugh.org,industrialpapershredders.com
Lai,Harabedian,industrial paper shredders,1933 Packer Ave #2,Novato,Marin,CA,94945,lai@gmail.com,industrialpapershredders.com
Brittni,Gillaspie,beck horizon builders,67 Rv Cent,Boise,Ada,ID,83709,bgillaspie@gillaspie.com,beckhorizonbuilders.com
Raylene,Kampa,beck horizon builders,2 Sw Nyberg Rd,Elkhart,Elkhart,IN,46514,rkampa@kampa.org,beckhorizonbuilders.com
Flo,Bookamer,beck horizon builders,89992 E 15th St,Alliance,Box Butte,NE,69301,flo.bookamer@cox.net,beckhorizonbuilders.com
Jani,Biddy,beck horizon builders,61556 W 20th Ave,Seattle,King,WA,98104,jbiddy@yahoo.com,beckhorizonbuilders.com
Chauncey,Motley,beck horizon builders,63 E Aurora Dr,Orlando,Orange,FL,32804,chauncey_motley@aol.com,beckhorizonbuilders.com
